Nyphi7,17852
Bako,18471
Maho,18006
Martin,18439
Eronel,20031
Achorawl,18031
Idemimi,7028
Shimonkin,881
Toushinsai,4435
Yosuke,3896
Ashihana,5756
Maruken,6281
Sabamiso,4413
Chappu,13666
Endou,932
ET,3878
Samitto,3364
Susumu,2348
Daiji,844
Kazuki,1423
Kisshi,960
Makki,1174
Ruki,13703
Dei,772
Fumo,847
Hamburg,1753
Masu,9753
Gazou,563
Gonzaburo,637
Hanenama,13783
Nage,1012
OsakaB,2180
Maroshi,2167
Umecha,11199
2rio,4640
Daru,10061
Hasegawa,6229
Koichi,1233
Osca,2517
Otouto,2959
Torisuke,1992
U-Zen,1586
Chonari,671
Kubiwa,726
mike,817
Purepure,1539
Svampen,677
Jajamaru,9334
LOX,4598
Teresa,1162
Teresa (again),13688
(Shin) Jonio,13678
BLEED,2216
Karinchu,2215
Ogichan,4420
Omito,669
Ain,600
Nagumo,3861
Rion,1592
Rozu,3927
Hossa,3440
Muumen,1368
Tomo,1915
Azesuke,3836
Efute,1507
Kedako,704
Ruu,3921
Tema,2299
Yuu,7258
yyy,2538
Ina,5444
JUN,1532
matto,5027
Nakamura,4841
Sharon,1853
Toumin,843
Waroniku,1656
Woshige,4470
Consomme,765
FAB,1720
Yukito,540
Hohiko,2559
Kakkou,1466
Takehara,7364
Toriniku,5783
Dogura,815
Fino,845
Kazunoko,8008
Zadi,2305
DC,1725
Hiroki,575
Machaboo,5496
Zigokuzaka,2109
En,2404
Eternal,2273
Hase,2426
Moga,2522
Taka,3006
Tanabata,13707
TY,11029
Haaken,7115
Maruhan,2921
Mocchi,2872
NOB,2013
Ohiro,5830
Roi,3322
Ryuu-chan,1896
Shodai,3207
Uki,4134
310 (Sato),512
Isamu,1344
Kamego,598
Sanma,13558
Ogawa,1266
Tabun,1440
Tights,1599
Tsu,14409
